ID,Annotation,AnnotationType
"Object[Data, Chromatography, id:qdkmxzq4nBza]",Normal,Expert Annotation
"Object[Data, Chromatography, id:XnlV5jKYqBjo]",Normal,Expert Annotation
"Object[Data, Chromatography, id:01G6nvGPBJjd]",Normal,Expert Annotation
"Object[Data, Chromatography, id:01G6nvw0qeKD]",Normal,Expert Annotation
"Object[Data, Chromatography, id:01G6nvw5q6Lr]",Normal,Expert Annotation
"Object[Data, Chromatography, id:01G6nvwDrMYK]",Normal,Expert Annotation
"Object[Data, Chromatography, id:01G6nvwEXx0E]",Normal,Expert Annotation
"Object[Data, Chromatography, id:01G6nvwJeWl7]",Normal,Expert Annotation
"Object[Data, Chromatography, id:01G6nvwOAnqm]",Normal,Expert Annotation
"Object[Data, Chromatography, id:01G6nvwb1WVm]",Normal,Expert Annotation
"Object[Data, Chromatography, id:01G6nvwbknRm]",Normal,Expert Annotation
"Object[Data, Chromatography, id:01G6nvwvm0AK]",Normal,Expert Annotation
"Object[Data, Chromatography, id:01G6nvwzk91A]",Normal,Expert Annotation
"Object[Data, Chromatography, id:1ZA60vA5GnP0]",Normal,Expert Annotation
"Object[Data, Chromatography, id:1ZA60vANndRw]",Normal,Expert Annotation
"Object[Data, Chromatography, id:1ZA60vAw1PpP]",Normal,Expert Annotation
"Object[Data, Chromatography, id:1ZA60vL1OpG8]",Normal,Expert Annotation
"Object[Data, Chromatography, id:1ZA60vL57Y15]",Normal,Expert Annotation
"Object[Data, Chromatography, id:1ZA60vL7ZWM5]",Normal,Expert Annotation
"Object[Data, Chromatography, id:1ZA60vLPzqY8]",Normal,Expert Annotation
"Object[Data, Chromatography, id:1ZA60vLRO6ED]",Normal,Expert Annotation
"Object[Data, Chromatography, id:1ZA60vLYqx1q]",Normal,Expert Annotation
"Object[Data, Chromatography, id:1ZA60vLl48P5]",Normal,Expert Annotation
"Object[Data, Chromatography, id:1ZA60vLnRK95]",Normal,Expert Annotation
"Object[Data, Chromatography, id:1ZA60vLvAmo0]",Normal,Expert Annotation
"Object[Data, Chromatography, id:3em6ZvL8YWNV]",Normal,Expert Annotation
"Object[Data, Chromatography, id:3em6ZvLArOOW]",Normal,Expert Annotation
"Object[Data, Chromatography, id:3em6ZvLK8vB8]",Normal,Expert Annotation
"Object[Data, Chromatography, id:3em6ZvLW98AW]",Normal,Expert Annotation
"Object[Data, Chromatography, id:3em6ZvLdz3KW]",Normal,Expert Annotation
"Object[Data, Chromatography, id:3em6ZvLldMeV]",Normal,Expert Annotation
"Object[Data, Chromatography, id:4pO6dM51mXa8]",Normal,Expert Annotation
"Object[Data, Chromatography, id:4pO6dM53GxeB]",Normal,Expert Annotation
"Object[Data, Chromatography, id:4pO6dM5AL6PM]",Normal,Expert Annotation
"Object[Data, Chromatography, id:4pO6dM5AL6Pz]",Normal,Expert Annotation
"Object[Data, Chromatography, id:4pO6dM5eLXK8]",Normal,Expert Annotation
"Object[Data, Chromatography, id:4pO6dM5jmGG8]",Normal,Expert Annotation
"Object[Data, Chromatography, id:4pO6dM5lerpr]",Normal,Expert Annotation
"Object[Data, Chromatography, id:4pO6dM5rKVD8]",Normal,Expert Annotation
"Object[Data, Chromatography, id:4pO6dM5xPAjz]",Normal,Expert Annotation
"Object[Data, Chromatography, id:4pO6dM5z0dL5]",Normal,Expert Annotation
"Object[Data, Chromatography, id:54n6evLBq8PL]",Normal,Expert Annotation
"Object[Data, Chromatography, id:54n6evLWJADl]",Normal,Expert Annotation
"Object[Data, Chromatography, id:54n6evLd0xq7]",Normal,Expert Annotation
"Object[Data, Chromatography, id:6V0npvm4PR78]",Normal,Expert Annotation
"Object[Data, Chromatography, id:6V0npvmMBGj8]",Normal,Expert Annotation
"Object[Data, Chromatography, id:6V0npvmaMmk1]",Normal,Expert Annotation
"Object[Data, Chromatography, id:7X104vnWrvBA]",Normal,Expert Annotation
"Object[Data, Chromatography, id:7X104vnwD0WJ]",Normal,Expert Annotation
"Object[Data, Chromatography, id:7X104vnwqDOR]",Normal,Expert Annotation
"Object[Data, Chromatography, id:8qZ1VW0JRwGP]",Normal,Expert Annotation
"Object[Data, Chromatography, id:8qZ1VW0Jw1bL]",Normal,Expert Annotation
"Object[Data, Chromatography, id:8qZ1VW0b9WBp]",Normal,Expert Annotation
"Object[Data, Chromatography, id:8qZ1VW0ePrzb]",Normal,Expert Annotation
"Object[Data, Chromatography, id:9RdZXv158Zbx]",Normal,Expert Annotation
"Object[Data, Chromatography, id:9RdZXv1bR76K]",Normal,Expert Annotation
"Object[Data, Chromatography, id:AEqRl9KJ0Rra]",Normal,Expert Annotation
"Object[Data, Chromatography, id:AEqRl9KVvJea]",Normal,Expert Annotation
"Object[Data, Chromatography, id:AEqRl9Kb89B5]",Normal,Expert Annotation
"Object[Data, Chromatography, id:AEqRl9KdxwwW]",Normal,Expert Annotation
"Object[Data, Chromatography, id:AEqRl9q64MXR]",Normal,Expert Annotation
"Object[Data, Chromatography, id:BYDOjvGMkZ3X]",Normal,Expert Annotation
"Object[Data, Chromatography, id:BYDOjvGXD7Ar]",Normal,Expert Annotation
"Object[Data, Chromatography, id:D8KAEvG5Drrb]",Normal,Expert Annotation
"Object[Data, Chromatography, id:D8KAEvG7dw5b]",Normal,Expert Annotation
"Object[Data, Chromatography, id:D8KAEvG9YV5O]",Normal,Expert Annotation
"Object[Data, Chromatography, id:D8KAEvGqE7Ll]",Normal,Expert Annotation
"Object[Data, Chromatography, id:D8KAEvGwN7q3]",Normal,Expert Annotation
"Object[Data, Chromatography, id:D8KAEvKdXXM3]",Normal,Expert Annotation
"Object[Data, Chromatography, id:E8zoYvN1bvB5]",Normal,Expert Annotation
"Object[Data, Chromatography, id:E8zoYvNVOnnv]",Normal,Expert Annotation
"Object[Data, Chromatography, id:GmzlKjP6Dame]",Normal,Expert Annotation
"Object[Data, Chromatography, id:GmzlKjPB1GBE]",Normal,Expert Annotation
"Object[Data, Chromatography, id:GmzlKjPBZ0n4]",Normal,Expert Annotation
"Object[Data, Chromatography, id:GmzlKjPRN11m]",Normal,Expert Annotation
"Object[Data, Chromatography, id:GmzlKjPdbjJk]",Normal,Expert Annotation
"Object[Data, Chromatography, id:GmzlKjPvnRne]",Normal,Expert Annotation
"Object[Data, Chromatography, id:GmzlKjzXAGl9]",Normal,Expert Annotation
"Object[Data, Chromatography, id:J8AY5jD4bjBa]",Normal,Expert Annotation
"Object[Data, Chromatography, id:J8AY5jDGR0dB]",Normal,Expert Annotation
"Object[Data, Chromatography, id:J8AY5jDvGeeK]",Normal,Expert Annotation
"Object[Data, Chromatography, id:KBL5DvwMbkjN]",Normal,Expert Annotation
"Object[Data, Chromatography, id:KBL5DvwMk5Vj]",Normal,Expert Annotation
"Object[Data, Chromatography, id:KBL5DvwMxwNv]",Normal,Expert Annotation
"Object[Data, Chromatography, id:KBL5DvwR54Lj]",Normal,Expert Annotation
"Object[Data, Chromatography, id:L8kPEjn09E34]",Normal,Expert Annotation
"Object[Data, Chromatography, id:L8kPEjnAO44P]",Normal,Expert Annotation
"Object[Data, Chromatography, id:L8kPEjnDEx6w]",Normal,Expert Annotation
"Object[Data, Chromatography, id:L8kPEjnXbjJA]",Normal,Expert Annotation
"Object[Data, Chromatography, id:L8kPEjnbzvL4]",Normal,Expert Annotation
"Object[Data, Chromatography, id:M8n3rx05P97P]",Normal,Expert Annotation
"Object[Data, Chromatography, id:M8n3rx06BA15]",Normal,Expert Annotation
"Object[Data, Chromatography, id:M8n3rx0kbj7E]",Normal,Expert Annotation
"Object[Data, Chromatography, id:M8n3rx0v1V15]",Normal,Expert Annotation
"Object[Data, Chromatography, id:M8n3rx0vPVMO]",Normal,Expert Annotation
"Object[Data, Chromatography, id:N80DNj0BKbPD]",Normal,Expert Annotation
"Object[Data, Chromatography, id:N80DNj14e7wA]",Normal,Expert Annotation
"Object[Data, Chromatography, id:N80DNj1G8GBD]",Normal,Expert Annotation
"Object[Data, Chromatography, id:N80DNj1Mb1eX]",Normal,Expert Annotation
"Object[Data, Chromatography, id:N80DNj1Rbj5D]",Normal,Expert Annotation
"Object[Data, Chromatography, id:O81aEBZDw4VD]",Normal,Expert Annotation
"Object[Data, Chromatography, id:O81aEBZObBKp]",Normal,Expert Annotation
"Object[Data, Chromatography, id:O81aEBZd9Er3]",Normal,Expert Annotation
"Object[Data, Chromatography, id:O81aEBZdVlV3]",Normal,Expert Annotation
"Object[Data, Chromatography, id:O81aEBZnjw83]",Normal,Expert Annotation
"Object[Data, Chromatography, id:O81aEBZoRXVx]",Normal,Expert Annotation
"Object[Data, Chromatography, id:P5ZnEjd07a5k]",Normal,Expert Annotation
"Object[Data, Chromatography, id:P5ZnEjde9EKk]",Normal,Expert Annotation
"Object[Data, Chromatography, id:P5ZnEjdjPa7r]",Normal,Expert Annotation
"Object[Data, Chromatography, id:P5ZnEjdrxRRR]",Normal,Expert Annotation
"Object[Data, Chromatography, id:R8e1Pjp4nYnJ]",Normal,Expert Annotation
"Object[Data, Chromatography, id:R8e1PjpAKold]",Normal,Expert Annotation
"Object[Data, Chromatography, id:R8e1PjpMGx54]",Normal,Expert Annotation
"Object[Data, Chromatography, id:R8e1PjpYBGGa]",Normal,Expert Annotation
"Object[Data, Chromatography, id:R8e1PjpYBGGp]",Normal,Expert Annotation
"Object[Data, Chromatography, id:Vrbp1jK843WO]",Normal,Expert Annotation
"Object[Data, Chromatography, id:Vrbp1jK9qGLo]",Normal,Expert Annotation
"Object[Data, Chromatography, id:Vrbp1jKErZXW]",Normal,Expert Annotation
"Object[Data, Chromatography, id:Vrbp1jKPWGow]",Normal,Expert Annotation
"Object[Data, Chromatography, id:Vrbp1jKavllo]",Normal,Expert Annotation
"Object[Data, Chromatography, id:Vrbp1jKl1Olz]",Normal,Expert Annotation
"Object[Data, Chromatography, id:Vrbp1jKznpLE]",Normal,Expert Annotation
"Object[Data, Chromatography, id:Vrbp1jKznpLm]",Normal,Expert Annotation
"Object[Data, Chromatography, id:Vrbp1jbKZmBb]",Normal,Expert Annotation
"Object[Data, Chromatography, id:Vrbp1jbxZBYE]",Normal,Expert Annotation
"Object[Data, Chromatography, id:WNa4ZjK5M9dz]",Normal,Expert Annotation
"Object[Data, Chromatography, id:WNa4ZjKM50PE]",Normal,Expert Annotation
"Object[Data, Chromatography, id:WNa4ZjKjmn9E]",Normal,Expert Annotation
"Object[Data, Chromatography, id:WNa4ZjKwnpdD]",Normal,Expert Annotation
"Object[Data, Chromatography, id:WNa4ZjKzMLBE]",Normal,Expert Annotation
"Object[Data, Chromatography, id:WNa4ZjazJDzD]",Normal,Expert Annotation
"Object[Data, Chromatography, id:XnlV5jKEdZRn]",Normal,Expert Annotation
"Object[Data, Chromatography, id:XnlV5jKONEEM]",Normal,Expert Annotation
"Object[Data, Chromatography, id:XnlV5jKONEEz]",Normal,Expert Annotation
"Object[Data, Chromatography, id:Y0lXejM8D4nP]",Normal,Expert Annotation
"Object[Data, Chromatography, id:Y0lXejMPLjJx]",Normal,Expert Annotation
"Object[Data, Chromatography, id:Y0lXejlxeeaP]",Normal,Expert Annotation
"Object[Data, Chromatography, id:Z1lqpMzBkxj4]",Normal,Expert Annotation
"Object[Data, Chromatography, id:Z1lqpMzLdGa4]",Normal,Expert Annotation
"Object[Data, Chromatography, id:Z1lqpMzMl5E9]",Normal,Expert Annotation
"Object[Data, Chromatography, id:Z1lqpMzPOBqo]",Normal,Expert Annotation
"Object[Data, Chromatography, id:Z1lqpMzR5xmo]",Normal,Expert Annotation
"Object[Data, Chromatography, id:Z1lqpMzZVOJ5]",Normal,Expert Annotation
"Object[Data, Chromatography, id:Z1lqpMzerE4L]",Normal,Expert Annotation
"Object[Data, Chromatography, id:Z1lqpMzjRJn5]",Normal,Expert Annotation
"Object[Data, Chromatography, id:Z1lqpMznrO75]",Normal,Expert Annotation
"Object[Data, Chromatography, id:Z1lqpMzvqPrz]",Normal,Expert Annotation
"Object[Data, Chromatography, id:Z1lqpMzvrkBV]",Normal,Expert Annotation
"Object[Data, Chromatography, id:Z1lqpMzvrkk5]",Normal,Expert Annotation
"Object[Data, Chromatography, id:Z1lqpMzxl4eW]",Normal,Expert Annotation
"Object[Data, Chromatography, id:aXRlGn65vGPj]",Normal,Expert Annotation
"Object[Data, Chromatography, id:aXRlGn6AA0Zp]",Normal,Expert Annotation
"Object[Data, Chromatography, id:aXRlGn6LbAmj]",Normal,Expert Annotation
"Object[Data, Chromatography, id:aXRlGn6Lk6zp]",Normal,Expert Annotation
"Object[Data, Chromatography, id:aXRlGn6a088O]",Normal,Expert Annotation
"Object[Data, Chromatography, id:aXRlGn6wZ4Xm]",Normal,Expert Annotation
"Object[Data, Chromatography, id:aXRlGnRZddBj]",Normal,Expert Annotation
"Object[Data, Chromatography, id:bq9LA09KR5w6]",Normal,Expert Annotation
"Object[Data, Chromatography, id:bq9LA0J7WYaz]",Normal,Expert Annotation
"Object[Data, Chromatography, id:bq9LA0JMDLZe]",Normal,Expert Annotation
"Object[Data, Chromatography, id:dORYzZJodxlD]",Normal,Expert Annotation
"Object[Data, Chromatography, id:dORYzZRRv75E]",Normal,Expert Annotation
"Object[Data, Chromatography, id:eGakldJ5X0xz]",Normal,Expert Annotation
"Object[Data, Chromatography, id:eGakldJ75pxB]",Normal,Expert Annotation
"Object[Data, Chromatography, id:eGakldJBMrAG]",Normal,Expert Annotation
"Object[Data, Chromatography, id:eGakldJBMrAz]",Normal,Expert Annotation
"Object[Data, Chromatography, id:eGakldJDeMMn]",Normal,Expert Annotation
"Object[Data, Chromatography, id:eGakldJDeMMo]",Normal,Expert Annotation
"Object[Data, Chromatography, id:eGakldJMbz8E]",Normal,Expert Annotation
"Object[Data, Chromatography, id:eGakldJP9oxn]",Normal,Expert Annotation
"Object[Data, Chromatography, id:eGakldJRe3Wn]",Normal,Expert Annotation
"Object[Data, Chromatography, id:eGakldJdaOEG]",Normal,Expert Annotation
"Object[Data, Chromatography, id:eGakldJloLE1]",Normal,Expert Annotation
"Object[Data, Chromatography, id:eGakldJlwrAz]",Normal,Expert Annotation
"Object[Data, Chromatography, id:eGakldJpGLZE]",Normal,Expert Annotation
"Object[Data, Chromatography, id:eGakldJwElb4]",Normal,Expert Annotation
"Object[Data, Chromatography, id:eGakldJwElbE]",Normal,Expert Annotation
"Object[Data, Chromatography, id:jLq9jXqWEb11]",Normal,Expert Annotation
"Object[Data, Chromatography, id:jLq9jXqqV11a]",Normal,Expert Annotation
"Object[Data, Chromatography, id:jLq9jXv5MW4w]",Normal,Expert Annotation
"Object[Data, Chromatography, id:jLq9jXv5MWEx]",Normal,Expert Annotation
"Object[Data, Chromatography, id:jLq9jXv5aB8x]",Normal,Expert Annotation
"Object[Data, Chromatography, id:jLq9jXvDdrVE]",Normal,Expert Annotation
"Object[Data, Chromatography, id:jLq9jXvdw8Ax]",Normal,Expert Annotation
"Object[Data, Chromatography, id:jLq9jXvkOP3Z]",Normal,Expert Annotation
"Object[Data, Chromatography, id:jLq9jXvmb0K1]",Normal,Expert Annotation
"Object[Data, Chromatography, id:jLq9jXvrn3aq]",Normal,Expert Annotation
"Object[Data, Chromatography, id:kEJ9mqRDabGB]",Normal,Expert Annotation
"Object[Data, Chromatography, id:kEJ9mqRG8MMB]",Normal,Expert Annotation
"Object[Data, Chromatography, id:kEJ9mqRObqNp]",Normal,Expert Annotation
"Object[Data, Chromatography, id:kEJ9mqRZalEe]",Normal,Expert Annotation
"Object[Data, Chromatography, id:kEJ9mqRexr8e]",Normal,Expert Annotation
"Object[Data, Chromatography, id:lYq9jRqE31Jp]",Normal,Expert Annotation
"Object[Data, Chromatography, id:lYq9jRqqLBWX]",Normal,Expert Annotation
"Object[Data, Chromatography, id:lYq9jRx7E8EB]",Normal,Expert Annotation
"Object[Data, Chromatography, id:lYq9jRx8OMMl]",Normal,Expert Annotation
"Object[Data, Chromatography, id:lYq9jRxGvRNO]",Normal,Expert Annotation
"Object[Data, Chromatography, id:lYq9jRxdzLY3]",Normal,Expert Annotation
"Object[Data, Chromatography, id:lYq9jRxjVajY]",Normal,Expert Annotation
"Object[Data, Chromatography, id:lYq9jRxveaXB]",Normal,Expert Annotation
"Object[Data, Chromatography, id:mnk9jORAnwoR]",Normal,Expert Annotation
"Object[Data, Chromatography, id:mnk9jORB8ZKY]",Normal,Expert Annotation
"Object[Data, Chromatography, id:mnk9jORBZ9AZ]",Normal,Expert Annotation
"Object[Data, Chromatography, id:mnk9jORE1MAO]",Normal,Expert Annotation
"Object[Data, Chromatography, id:mnk9jORNa7XR]",Normal,Expert Annotation
"Object[Data, Chromatography, id:mnk9jOkrNVGY]",Normal,Expert Annotation
"Object[Data, Chromatography, id:n0k9mG85jJ11]",Normal,Expert Annotation
"Object[Data, Chromatography, id:n0k9mG8BMW3o]",Normal,Expert Annotation
"Object[Data, Chromatography, id:n0k9mG8Brejw]",Normal,Expert Annotation
"Object[Data, Chromatography, id:n0k9mG8GX3L3]",Normal,Expert Annotation
"Object[Data, Chromatography, id:n0k9mG8KOMB3]",Normal,Expert Annotation
"Object[Data, Chromatography, id:n0k9mG8KOMMk]",Normal,Expert Annotation
"Object[Data, Chromatography, id:n0k9mG8RP5nk]",Normal,Expert Annotation
"Object[Data, Chromatography, id:n0k9mG8dboVp]",Normal,Expert Annotation
"Object[Data, Chromatography, id:n0k9mG8nDz7k]",Normal,Expert Annotation
"Object[Data, Chromatography, id:n0k9mG8o0JxW]",Normal,Expert Annotation
"Object[Data, Chromatography, id:n0k9mG8vLmeW]",Normal,Expert Annotation
"Object[Data, Chromatography, id:o1k9jAGnoMMN]",Normal,Expert Annotation
"Object[Data, Chromatography, id:o1k9jAGxEnEA]",Normal,Expert Annotation
"Object[Data, Chromatography, id:o1k9jAGz6KbG]",Normal,Expert Annotation
"Object[Data, Chromatography, id:pZx9jo80OMMP]",Normal,Expert Annotation
"Object[Data, Chromatography, id:pZx9jo81Dn35]",Normal,Expert Annotation
"Object[Data, Chromatography, id:pZx9jo8JOLrj]",Normal,Expert Annotation
"Object[Data, Chromatography, id:pZx9jo8OJYp5]",Normal,Expert Annotation
"Object[Data, Chromatography, id:pZx9jo8b7nqE]",Normal,Expert Annotation
"Object[Data, Chromatography, id:pZx9jo8lZr5j]",Normal,Expert Annotation
"Object[Data, Chromatography, id:pZx9jo8ox3Le]",Normal,Expert Annotation
"Object[Data, Chromatography, id:pZx9jo8pblqM]",Normal,Expert Annotation
"Object[Data, Chromatography, id:qdkmxzq1GMM0]",Normal,Expert Annotation
"Object[Data, Chromatography, id:qdkmxzq1GMMx]",Normal,Expert Annotation
"Object[Data, Chromatography, id:qdkmxzq4KL5Y]",Normal,Expert Annotation
"Object[Data, Chromatography, id:qdkmxzq97xRp]",Normal,Expert Annotation
"Object[Data, Chromatography, id:qdkmxzq9E1Ep]",Normal,Expert Annotation
"Object[Data, Chromatography, id:qdkmxzqBMWw4]",Normal,Expert Annotation
"Object[Data, Chromatography, id:qdkmxzqG8v40]",Normal,Expert Annotation
"Object[Data, Chromatography, id:qdkmxzqMR8ep]",Normal,Expert Annotation
"Object[Data, Chromatography, id:qdkmxzqW461V]",Normal,Expert Annotation
"Object[Data, Chromatography, id:qdkmxzqZGnpx]",Normal,Expert Annotation
"Object[Data, Chromatography, id:qdkmxzqawDd1]",Normal,Expert Annotation
"Object[Data, Chromatography, id:rea9jlRBG9Er]",Normal,Expert Annotation
"Object[Data, Chromatography, id:rea9jlRPJDeo]",Normal,Expert Annotation
"Object[Data, Chromatography, id:rea9jlRWkXe5]",Normal,Expert Annotation
"Object[Data, Chromatography, id:rea9jlRlAxz3]",Normal,Expert Annotation
"Object[Data, Chromatography, id:vXl9j571k93d]",Normal,Expert Annotation
"Object[Data, Chromatography, id:vXl9j57DzZJk]",Normal,Expert Annotation
"Object[Data, Chromatography, id:vXl9j57PBGd5]",Normal,Expert Annotation
"Object[Data, Chromatography, id:vXl9j57PKDRJ]",Normal,Expert Annotation
"Object[Data, Chromatography, id:vXl9j57xMkxZ]",Normal,Expert Annotation
"Object[Data, Chromatography, id:wqW9BP70znMG]",Normal,Expert Annotation
"Object[Data, Chromatography, id:wqW9BP7KLmYG]",Normal,Expert Annotation
"Object[Data, Chromatography, id:wqW9BP7VzMMw]",Normal,Expert Annotation
"Object[Data, Chromatography, id:wqW9BP7nvdV9]",Normal,Expert Annotation
"Object[Data, Chromatography, id:wqW9BP7o4XqA]",Normal,Expert Annotation
"Object[Data, Chromatography, id:wqW9BP7xa1pM]",Normal,Expert Annotation
"Object[Data, Chromatography, id:xRO9n3BeAmZx]",Normal,Expert Annotation
"Object[Data, Chromatography, id:zGj91a7JKa8j]",Normal,Expert Annotation
"Object[Data, Chromatography, id:zGj91a7KBm3J]",Normal,Expert Annotation
"Object[Data, Chromatography, id:zGj91a7V4A4J]",Normal,Expert Annotation
"Object[Data, Chromatography, id:zGj91a7mRKAL]",Normal,Expert Annotation
"Object[Data, Chromatography, id:zGj91a7vrYMe]",Normal,Expert Annotation
"Object[Data, Chromatography, id:zGj91ajPbr9O]",Normal,Expert Annotation
"Object[Data, Chromatography, id:3em6Zvm4Lk9M]",AirBubble,Expert Annotation
"Object[Data, Chromatography, id:8qZ1VWZD05Nn]",AirBubble,Expert Annotation
"Object[Data, Chromatography, id:D8KAEvKlGndL]",AirBubble,Expert Annotation
"Object[Data, Chromatography, id:J8AY5jAkDpwB]",AirBubble,Expert Annotation
"Object[Data, Chromatography, id:rea9jlazRV13]",AirBubble,Expert Annotation
"Object[Data, Chromatography, id:eGaklda4ZOEn]",AirBubble,Expert Annotation
"Object[Data, Chromatography, id:pZx9joxz53LP]",AirBubble,Expert Annotation
"Object[Data, Chromatography, id:qdkmxzko3E7x]",AirBubble,Expert Annotation
"Object[Data, Chromatography, id:R8e1Pjekqn9a]",AirBubble,Expert Annotation
"Object[Data, Chromatography, id:01G6nvGlVD3A]",AirBubble,Expert Annotation
"Object[Data, Chromatography, id:1ZA60vAXMzD0]",AirBubble,Expert Annotation
"Object[Data, Chromatography, id:54n6evnr5J8N]",AirBubble,Expert Annotation
"Object[Data, Chromatography, id:6V0npv0Jjqrq]",AirBubble,Expert Annotation
"Object[Data, Chromatography, id:mnk9jOk0oJzY]",AirBubble,Expert Annotation
"Object[Data, Chromatography, id:WNa4ZjaoqM8V]",AirBubble,Expert Annotation
"Object[Data, Chromatography, id:xRO9n3OjbEJO]",AirBubble,Expert Annotation
"Object[Data, Chromatography, id:Z1lqpMlmArK9]",AirBubble,Expert Annotation
"Object[Data, Chromatography, id:6V0npv0q9JdG]",AirBubble,Expert Annotation
"Object[Data, Chromatography, id:7X104v168YeX]",AirBubble,Expert Annotation
"Object[Data, Chromatography, id:8qZ1VWZkrDqA]",AirBubble,Expert Annotation
"Object[Data, Chromatography, id:9RdZXvdNGD4Z]",AirBubble,Expert Annotation
"Object[Data, Chromatography, id:AEqRl9qxeNoa]",AirBubble,Expert Annotation
"Object[Data, Chromatography, id:aXRlGnR0Do4k]",AirBubble,Expert Annotation
"Object[Data, Chromatography, id:aXRlGnR0DoXk]",AirBubble,Expert Annotation
"Object[Data, Chromatography, id:bq9LA091OXVA]",AirBubble,Expert Annotation
"Object[Data, Chromatography, id:E8zoYvzO5jEN]",AirBubble,Expert Annotation
"Object[Data, Chromatography, id:eGakldaeO8Rx]",AirBubble,Expert Annotation
"Object[Data, Chromatography, id:GmzlKjzNnxm4]",AirBubble,Expert Annotation
"Object[Data, Chromatography, id:jLq9jXqOrxLz]",AirBubble,Expert Annotation
"Object[Data, Chromatography, id:jLq9jXqOrxzz]",AirBubble,Expert Annotation
"Object[Data, Chromatography, id:KBL5DvLPdrBa]",AirBubble,Expert Annotation
"Object[Data, Chromatography, id:KBL5DvLPdrKa]",AirBubble,Expert Annotation
"Object[Data, Chromatography, id:kEJ9mqJ8k4E8]",AirBubble,Expert Annotation
"Object[Data, Chromatography, id:kEJ9mqJ8k4l8]",AirBubble,Expert Annotation
"Object[Data, Chromatography, id:L8kPEjkOex8N]",AirBubble,Expert Annotation
"Object[Data, Chromatography, id:M8n3rxnPpDwM]",AirBubble,Expert Annotation
"Object[Data, Chromatography, id:n0k9mGkO71n6]",AirBubble,Expert Annotation
"Object[Data, Chromatography, id:o1k9jAkoEZ0a]",AirBubble,Expert Annotation
"Object[Data, Chromatography, id:O81aEB1vVp8x]",AirBubble,Expert Annotation
"Object[Data, Chromatography, id:P5ZnEjZxXD3r]",AirBubble,Expert Annotation
"Object[Data, Chromatography, id:P5ZnEjZxXD5r]",AirBubble,Expert Annotation
"Object[Data, Chromatography, id:rea9jla58zdL]",AirBubble,Expert Annotation
"Object[Data, Chromatography, id:wqW9BPWzd5qJ]",AirBubble,Expert Annotation
"Object[Data, Chromatography, id:wqW9BPWzd5XJ]",AirBubble,Expert Annotation
"Object[Data, Chromatography, id:xRO9n3OEejqz]",AirBubble,Expert Annotation
"Object[Data, Chromatography, id:Y0lXejlr4val]",AirBubble,Expert Annotation
"Object[Data, Chromatography, id:Z1lqpMlr5mnO]",AirBubble,Expert Annotation
"Object[Data, Chromatography, id:zGj91ajk4EGE]",AirBubble,Expert Annotation
"Object[Data, Chromatography, id:01G6nvwLeE6Y]",AirBubble,Expert Annotation
"Object[Data, Chromatography, id:1ZA60vLEpYvw]",AirBubble,Expert Annotation
"Object[Data, Chromatography, id:4pO6dM5PX36L]",AirBubble,Expert Annotation
"Object[Data, Chromatography, id:4pO6dM5PX3Mo]",AirBubble,Expert Annotation
"Object[Data, Chromatography, id:7X104vnaOw0A]",AirBubble,Expert Annotation
"Object[Data, Chromatography, id:8qZ1VW05GJ1p]",AirBubble,Expert Annotation
"Object[Data, Chromatography, id:AEqRl9KvPM9l]",AirBubble,Expert Annotation
"Object[Data, Chromatography, id:bq9LA0JbYML6]",AirBubble,Expert Annotation
"Object[Data, Chromatography, id:D8KAEvGnaMAm]",AirBubble,Expert Annotation
"Object[Data, Chromatography, id:dORYzZJjPBYG]",AirBubble,Expert Annotation
"Object[Data, Chromatography, id:E8zoYvN0wMvB]",AirBubble,Expert Annotation
"Object[Data, Chromatography, id:eGakldJ73Bk1]",AirBubble,Expert Annotation
"Object[Data, Chromatography, id:kEJ9mqR0rBqz]",AirBubble,Expert Annotation
"Object[Data, Chromatography, id:o1k9jAGe7BAr]",AirBubble,Expert Annotation
"Object[Data, Chromatography, id:O81aEBZR0MBe]",AirBubble,Expert Annotation
"Object[Data, Chromatography, id:pZx9jo8pNBo0]",AirBubble,Expert Annotation
"Object[Data, Chromatography, id:qdkmxzq4nBz3]",AirBubble,Expert Annotation
"Object[Data, Chromatography, id:R8e1PjpAdMjK]",AirBubble,Expert Annotation
"Object[Data, Chromatography, id:Vrbp1jKLVMjq]",AirBubble,Expert Annotation
"Object[Data, Chromatography, id:Vrbp1jKLVMjx]",AirBubble,Expert Annotation
"Object[Data, Chromatography, id:wqW9BP7GpZ9B]",AirBubble,Expert Annotation
"Object[Data, Chromatography, id:XnlV5jKYqBj8]",AirBubble,Expert Annotation
"Object[Data, Chromatography, id:Y0lXejMkRBjW]",AirBubble,Expert Annotation
"Object[Data, Chromatography, id:Z1lqpMzPOBMz]",AirBubble,Expert Annotation
"Object[Data, Chromatography, id:o1k9jAkZJYaN]",AirBubble,Expert Annotation
"Object[Data, Chromatography, id:zGj91ajEwNBL]",AirBubble,Expert Annotation
"Object[Data, Chromatography, id:01G6nvGl8xwA]",AirBubble,Expert Annotation
"Object[Data, Chromatography, id:1ZA60vAXKxL0]",AirBubble,Expert Annotation
"Object[Data, Chromatography, id:4pO6dMOE8x5B]",AirBubble,Expert Annotation
"Object[Data, Chromatography, id:dORYzZRp9AJq]",AirBubble,Expert Annotation
"Object[Data, Chromatography, id:O81aEB1pboZO]",AirBubble,Expert Annotation
"Object[Data, Chromatography, id:pZx9joxAbW8e]",AirBubble,Expert Annotation
"Object[Data, Chromatography, id:XnlV5jlR9xKP]",AirBubble,Expert Annotation
"Object[Data, Chromatography, id:Z1lqpMlmLxz9]",AirBubble,Expert Annotation
"Object[Data, Chromatography, id:O81aEB156V9D]",AirBubble,Expert Annotation
"Object[Data, Chromatography, id:XnlV5jlNpR6b]",AirBubble,Expert Annotation
"Object[Data, Chromatography, id:qdkmxzq59rwa]",AirBubble,Expert Annotation
"Object[Data, Chromatography, id:R8e1Pjpl4V5K]",AirBubble,Expert Annotation
"Object[Data, Chromatography, id:XnlV5jK3GA08]",AirBubble,Expert Annotation
"Object[Data, Chromatography, id:pZx9jo8pmNjM]",AirBubble,Expert Annotation
"Object[Data, Chromatography, id:01G6nvwLeEv7]",AirBubble,Expert Annotation
"Object[Data, Chromatography, id:R8e1PjpAdMjX]",AirBubble,Expert Annotation
"Object[Data, Chromatography, id:1ZA60vA5139a]",AirBubble,Expert Annotation
"Object[Data, Chromatography, id:1ZA60vAJK7r0]",AirBubble,Expert Annotation
"Object[Data, Chromatography, id:8qZ1VWZOOMVX]",AirBubble,Expert Annotation
"Object[Data, Chromatography, id:E8zoYvzxpaZb]",AirBubble,Expert Annotation
"Object[Data, Chromatography, id:J8AY5jA0RaVB]",AirBubble,Expert Annotation
"Object[Data, Chromatography, id:L8kPEjnJWXrE]",AirBubble,Expert Annotation
"Object[Data, Chromatography, id:O81aEB1665E3]",AirBubble,Expert Annotation
"Object[Data, Chromatography, id:XnlV5jlvklq3]",AirBubble,Expert Annotation
"Object[Data, Chromatography, id:XnlV5jlvvz5n]",AirBubble,Expert Annotation
"Object[Data, Chromatography, id:bq9LA0J1vzGb]",AirBubble,Expert Annotation
"Object[Data, Chromatography, id:dORYzZJ3eezb]",AirBubble,Expert Annotation
"Object[Data, Chromatography, id:eGakldJ93L8e]",AirBubble,Expert Annotation
"Object[Data, Chromatography, id:eGakldJe9Zzo]",AirBubble,Expert Annotation
"Object[Data, Chromatography, id:mnk9jOkoAk8m]",AirBubble,Expert Annotation
"Object[Data, Chromatography, id:qdkmxzk3Lkn4]",AirBubble,Expert Annotation
"Object[Data, Chromatography, id:xRO9n3BXzvZ5]",AirBubble,Expert Annotation
"Object[Data, Chromatography, id:zGj91a79LrEE]",AirBubble,Expert Annotation
"Object[Data, Chromatography, id:zGj91a7ZYJkv]",AirBubble,Expert Annotation
"Object[Data, Chromatography, id:pZx9jox5lxKE]",AirBubble,Expert Annotation
"Object[Data, Chromatography, id:BYDOjvGwLXRX]",AirBubble,Expert Annotation
"Object[Data, Chromatography, id:O81aEBZ7WMb1]",AirBubble,Expert Annotation
"Object[Data, Chromatography, id:P5ZnEjdBWMbE]",AirBubble,Expert Annotation
"Object[Data, Chromatography, id:aXRlGnReVmek]",AirBubble,Expert Annotation
"Object[Data, Chromatography, id:kEJ9mqRbLMq8]",AirBubble,Expert Annotation
"Object[Data, Chromatography, id:P5ZnEjdJWG7W]",AirBubble,Expert Annotation
"Object[Data, Chromatography, id:dORYzZJN7e0p]",AirBubble,Expert Annotation
"Object[Data, Chromatography, id:1ZA60vLPX5D0]",AirBubble,Expert Annotation
"Object[Data, Chromatography, id:4pO6dM5KX7Eo]",AirBubble,Expert Annotation
"Object[Data, Chromatography, id:4pO6dMONKr6w]",AirBubble,Expert Annotation
"Object[Data, Chromatography, id:AEqRl9Kx1aGW]",AirBubble,Expert Annotation
"Object[Data, Chromatography, id:D8KAEvKP0K3K]",AirBubble,Expert Annotation
"Object[Data, Chromatography, id:E8zoYvzxxk9m]",AirBubble,Expert Annotation
"Object[Data, Chromatography, id:GmzlKjPV87kM]",AirBubble,Expert Annotation
"Object[Data, Chromatography, id:J8AY5jDK6EAb]",AirBubble,Expert Annotation
"Object[Data, Chromatography, id:J8AY5jDd874Z]",AirBubble,Expert Annotation
"Object[Data, Chromatography, id:KBL5DvweB7Vx]",AirBubble,Expert Annotation
"Object[Data, Chromatography, id:Vrbp1jKv3X0O]",AirBubble,Expert Annotation
"Object[Data, Chromatography, id:Vrbp1jbXEbke]",AirBubble,Expert Annotation
"Object[Data, Chromatography, id:WNa4ZjaqYap4]",AirBubble,Expert Annotation
"Object[Data, Chromatography, id:XnlV5jKNavZz]",AirBubble,Expert Annotation
"Object[Data, Chromatography, id:eGakldJe9Zzn]",AirBubble,Expert Annotation
"Object[Data, Chromatography, id:jLq9jXqJJlDZ]",AirBubble,Expert Annotation
"Object[Data, Chromatography, id:mnk9jORJdo6K]",AirBubble,Expert Annotation
"Object[Data, Chromatography, id:n0k9mG8WMeWn]",AirBubble,Expert Annotation
"Object[Data, Chromatography, id:o1k9jAGopRwN]",AirBubble,Expert Annotation
"Object[Data, Chromatography, id:pZx9jo8O45J5]",AirBubble,Expert Annotation
"Object[Data, Chromatography, id:pZx9jox5lxqE]",AirBubble,Expert Annotation
"Object[Data, Chromatography, id:qdkmxzk3lAv1]",AirBubble,Expert Annotation
"Object[Data, Chromatography, id:qdkmxzqGV380]",AirBubble,Expert Annotation
"Object[Data, Chromatography, id:vXl9j5lv3l0D]",AirBubble,Expert Annotation
"Object[Data, Chromatography, id:wqW9BPWRRknG]",AirBubble,Expert Annotation
"Object[Data, Chromatography, id:xRO9n3BEobJY]",AirBubble,Expert Annotation
"Object[Data, Chromatography, id:xRO9n3OW94Rq]",AirBubble,Expert Annotation
"Object[Data, Chromatography, id:BYDOjvDP9VLm]",AirBubble,Expert Annotation
"Object[Data, Chromatography, id:kEJ9mqRGb4VE]",AirBubble,Expert Annotation
"Object[Data, Chromatography, id:WNa4Zjazl1VL]",AirBubble,Expert Annotation
"Object[Data, Chromatography, id:bq9LA0Ja5XBr]",AirBubble,Expert Annotation
"Object[Data, Chromatography, id:mnk9jORGb0qN]",AirBubble,Expert Annotation
"Object[Data, Chromatography, id:o1k9jAGjZ8wG]",AirBubble,Expert Annotation
"Object[Data, Chromatography, id:4pO6dM5lbRz5]",AirBubble,Expert Annotation
"Object[Data, Chromatography, id:4pO6dM5mKNJ8]",AirBubble,Expert Annotation
"Object[Data, Chromatography, id:4pO6dMONbOXB]",AirBubble,Expert Annotation
"Object[Data, Chromatography, id:4pO6dMOo0RGw]",AirBubble,Expert Annotation
"Object[Data, Chromatography, id:6V0npvm90W5E]",AirBubble,Expert Annotation
"Object[Data, Chromatography, id:6V0npvmAeo8a]",AirBubble,Expert Annotation
"Object[Data, Chromatography, id:8qZ1VW09jxzP]",AirBubble,Expert Annotation
"Object[Data, Chromatography, id:9RdZXv1n7j9x]",AirBubble,Expert Annotation
"Object[Data, Chromatography, id:AEqRl9K6YlPR]",AirBubble,Expert Annotation
"Object[Data, Chromatography, id:E8zoYvN61Z7m]",AirBubble,Expert Annotation
"Object[Data, Chromatography, id:E8zoYvN9d1OX]",AirBubble,Expert Annotation
"Object[Data, Chromatography, id:P5ZnEjZLlaAE]",AirBubble,Expert Annotation
"Object[Data, Chromatography, id:Vrbp1jKv3XJO]",AirBubble,Expert Annotation
"Object[Data, Chromatography, id:WNa4ZjK4w1vL]",AirBubble,Expert Annotation
"Object[Data, Chromatography, id:WNa4ZjKVYknz]",AirBubble,Expert Annotation
"Object[Data, Chromatography, id:XnlV5jKXkPGn]",AirBubble,Expert Annotation
"Object[Data, Chromatography, id:Y0lXejMqP3ka]",AirBubble,Expert Annotation
"Object[Data, Chromatography, id:Z1lqpMlNL369]",AirBubble,Expert Annotation
"Object[Data, Chromatography, id:Z1lqpMlRZ9nW]",AirBubble,Expert Annotation
"Object[Data, Chromatography, id:bq9LA0J8qoZm]",AirBubble,Expert Annotation
"Object[Data, Chromatography, id:dORYzZRrxXBb]",AirBubble,Expert Annotation
"Object[Data, Chromatography, id:eGakldJe9ZVn]",AirBubble,Expert Annotation
"Object[Data, Chromatography, id:eGakldaOEqBz]",AirBubble,Expert Annotation
"Object[Data, Chromatography, id:kEJ9mqR7wmrP]",AirBubble,Expert Annotation
"Object[Data, Chromatography, id:kEJ9mqR9ZWaE]",AirBubble,Expert Annotation
"Object[Data, Chromatography, id:o1k9jAG954Ja]",AirBubble,Expert Annotation
"Object[Data, Chromatography, id:pZx9jo89VXzp]",AirBubble,Expert Annotation
"Object[Data, Chromatography, id:pZx9jox3LkBE]",AirBubble,Expert Annotation
"Object[Data, Chromatography, id:pZx9joxdblz0]",AirBubble,Expert Annotation
"Object[Data, Chromatography, id:qdkmxzqmXRoV]",AirBubble,Expert Annotation
"Object[Data, Chromatography, id:xRO9n3B9zaVz]",AirBubble,Expert Annotation
"Object[Data, Chromatography, id:xRO9n3B9zajz]",AirBubble,Expert Annotation
"Object[Data, Chromatography, id:zGj91a7klq5L]",AirBubble,Expert Annotation
"Object[Data, Chromatography, id:4pO6dM5BabKr]",AirBubble,Expert Annotation
"Object[Data, Chromatography, id:6V0npv0enRVV]",AirBubble,Expert Annotation
"Object[Data, Chromatography, id:D8KAEvGw78WO]",AirBubble,Expert Annotation
"Object[Data, Chromatography, id:E8zoYvNmWMbb]",AirBubble,Expert Annotation
"Object[Data, Chromatography, id:M8n3rx0olvB9]",AirBubble,Expert Annotation
"Object[Data, Chromatography, id:R8e1PjpjqLrp]",AirBubble,Expert Annotation
"Object[Data, Chromatography, id:dORYzZRKKVzD]",AirBubble,Expert Annotation
"Object[Data, Chromatography, id:lYq9jRxa5Bv4]",AirBubble,Expert Annotation
"Object[Data, Chromatography, id:qdkmxzqNpLw1]",AirBubble,Expert Annotation
"Object[Data, Chromatography, id:qdkmxzqpwRM4]",AirBubble,Expert Annotation
"Object[Data, Chromatography, id:Z1lqpMlAdj00]",AirBubble,Expert Annotation
"Object[Data, Chromatography, id:Vrbp1jKZ7M9o]",AirBubble,Expert Annotation
"Object[Data, Chromatography, id:Z1lqpMzvmRK9]",AirBubble,Expert Annotation
"Object[Data, Chromatography, id:xRO9n3Bo9B5j]",AirBubble,Expert Annotation
"Object[Data, Chromatography, id:jLq9jXqJZ4pz]",AirBubble,Expert Annotation
"Object[Data, Chromatography, id:01G6nvGjA4EE]",AirBubble,Expert Annotation
"Object[Data, Chromatography, id:01G6nvwxW3j7]",AirBubble,Expert Annotation
"Object[Data, Chromatography, id:1ZA60vL6lOXD]",AirBubble,Expert Annotation
"Object[Data, Chromatography, id:4pO6dM56YLkz]",AirBubble,Expert Annotation
"Object[Data, Chromatography, id:6V0npvmq7jr8]",AirBubble,Expert Annotation
"Object[Data, Chromatography, id:7X104vnPpzkA]",AirBubble,Expert Annotation
"Object[Data, Chromatography, id:9RdZXv1Nx6j6]",AirBubble,Expert Annotation
"Object[Data, Chromatography, id:BYDOjvGR5P4l]",AirBubble,Expert Annotation
"Object[Data, Chromatography, id:BYDOjvGedJL8]",AirBubble,Expert Annotation
"Object[Data, Chromatography, id:E8zoYvNoGXkN]",AirBubble,Expert Annotation
"Object[Data, Chromatography, id:KBL5Dvw6VX47]",AirBubble,Expert Annotation
"Object[Data, Chromatography, id:KBL5DvwRmp1J]",AirBubble,Expert Annotation
"Object[Data, Chromatography, id:L8kPEjn6KE74]",AirBubble,Expert Annotation
"Object[Data, Chromatography, id:N80DNj0AArNA]",AirBubble,Expert Annotation
"Object[Data, Chromatography, id:O81aEBZ9AOvN]",AirBubble,Expert Annotation
"Object[Data, Chromatography, id:P5ZnEjd0vE1k]",AirBubble,Expert Annotation
"Object[Data, Chromatography, id:Vrbp1jKpwnDm]",AirBubble,Expert Annotation
"Object[Data, Chromatography, id:WNa4ZjKzmLA8]",AirBubble,Expert Annotation
"Object[Data, Chromatography, id:XnlV5jKNavZM]",AirBubble,Expert Annotation
"Object[Data, Chromatography, id:aXRlGn6ak89v]",AirBubble,Expert Annotation
"Object[Data, Chromatography, id:bq9LA0Jakrj6]",AirBubble,Expert Annotation
"Object[Data, Chromatography, id:dORYzZJ3eXaD]",AirBubble,Expert Annotation
"Object[Data, Chromatography, id:dORYzZJd6K4A]",AirBubble,Expert Annotation
"Object[Data, Chromatography, id:eGakldJvpqw4]",AirBubble,Expert Annotation
"Object[Data, Chromatography, id:kEJ9mqR7Oz0E]",AirBubble,Expert Annotation
"Object[Data, Chromatography, id:kEJ9mqR7OzjP]",AirBubble,Expert Annotation
"Object[Data, Chromatography, id:mnk9jOkGWnkR]",AirBubble,Expert Annotation
"Object[Data, Chromatography, id:mnk9jOkoAk4m]",AirBubble,Expert Annotation
"Object[Data, Chromatography, id:o1k9jAG3Xzox]",AirBubble,Expert Annotation
"Object[Data, Chromatography, id:wqW9BP76qmDV]",AirBubble,Expert Annotation
"Object[Data, Chromatography, id:wqW9BP7VEMbB]",AirBubble,Expert Annotation
"Object[Data, Chromatography, id:zGj91a7klqdL]",AirBubble,Expert Annotation
"Object[Data, Chromatography, id:6V0npvmerwlq]",AirBubble,Expert Annotation
"Object[Data, Chromatography, id:XnlV5jKJ7k0N]",AirBubble,Expert Annotation
"Object[Data, Chromatography, id:Z1lqpMllAKYW]",AirBubble,Expert Annotation
"Object[Data, Chromatography, id:eGakldJLWB5o]",AirBubble,Expert Annotation
"Object[Data, Chromatography, id:Vrbp1jbKLonb]",AirBubble,Expert Annotation
"Object[Data, Chromatography, id:qdkmxzqxebn3]",AirBubble,Expert Annotation
"Object[Data, Chromatography, id:pZx9joxdMVAp]",AirBubble,Expert Annotation
"Object[Data, Chromatography, id:vXl9j57VAdze]",AirBubble,Expert Annotation
"Object[Data, Chromatography, id:qdkmxzqbpBK0]",AirBubble,Expert Annotation
"Object[Data, Chromatography, id:xRO9n3ObYkbz]",AirBubble,Expert Annotation
"Object[Data, Chromatography, id:01G6nvwRbbnE]",AirBubble,Expert Annotation
"Object[Data, Chromatography, id:1ZA60vL5770q]",AirBubble,Expert Annotation
"Object[Data, Chromatography, id:8qZ1VWZObZ8x]",AirBubble,Expert Annotation
"Object[Data, Chromatography, id:J8AY5jDGR0PK]",AirBubble,Expert Annotation
"Object[Data, Chromatography, id:P5ZnEjdpEx0L]",AirBubble,Expert Annotation
"Object[Data, Chromatography, id:R8e1Pjp9loBd]",AirBubble,Expert Annotation
"Object[Data, Chromatography, id:Vrbp1jK3VZDx]",AirBubble,Expert Annotation
"Object[Data, Chromatography, id:WNa4ZjKMDqlE]",AirBubble,Expert Annotation
"Object[Data, Chromatography, id:aXRlGn6GoAdv]",AirBubble,Expert Annotation
"Object[Data, Chromatography, id:aXRlGnReexGj]",AirBubble,Expert Annotation
"Object[Data, Chromatography, id:kEJ9mqJdoVvE]",AirBubble,Expert Annotation
"Object[Data, Chromatography, id:lYq9jRqmGqJV]",AirBubble,Expert Annotation
"Object[Data, Chromatography, id:pZx9jo8reBPE]",AirBubble,Expert Annotation
"Object[Data, Chromatography, id:zGj91a7mopKx]",AirBubble,Expert Annotation
"Object[Data, Chromatography, id:4pO6dM5KX7kB]",AirBubble,Expert Annotation
"Object[Data, Chromatography, id:4pO6dM5mKNn8]",AirBubble,Expert Annotation
"Object[Data, Chromatography, id:4pO6dM5mKNnw]",AirBubble,Expert Annotation
"Object[Data, Chromatography, id:54n6evLJj5ol]",AirBubble,Expert Annotation
"Object[Data, Chromatography, id:9RdZXv1xA7Dx]",AirBubble,Expert Annotation
"Object[Data, Chromatography, id:9RdZXvdGZJEa]",AirBubble,Expert Annotation
"Object[Data, Chromatography, id:KBL5DvwPOG3n]",AirBubble,Expert Annotation
"Object[Data, Chromatography, id:M8n3rx0PAzLl]",AirBubble,Expert Annotation
"Object[Data, Chromatography, id:O81aEB16zwa1]",AirBubble,Expert Annotation
"Object[Data, Chromatography, id:R8e1PjeBxojv]",AirBubble,Expert Annotation
"Object[Data, Chromatography, id:WNa4ZjKN94AD]",AirBubble,Expert Annotation
"Object[Data, Chromatography, id:XnlV5jKW6mR3]",AirBubble,Expert Annotation
"Object[Data, Chromatography, id:XnlV5jlDeA4Z]",AirBubble,Expert Annotation
"Object[Data, Chromatography, id:Z1lqpMzR33p4]",AirBubble,Expert Annotation
"Object[Data, Chromatography, id:dORYzZJd6KoA]",AirBubble,Expert Annotation
"Object[Data, Chromatography, id:dORYzZJwGEop]",AirBubble,Expert Annotation
"Object[Data, Chromatography, id:dORYzZR3GWqw]",AirBubble,Expert Annotation
"Object[Data, Chromatography, id:dORYzZRrxXM5]",AirBubble,Expert Annotation
"Object[Data, Chromatography, id:jLq9jXv6L3Rw]",AirBubble,Expert Annotation
"Object[Data, Chromatography, id:lYq9jRxPGl1r]",AirBubble,Expert Annotation
"Object[Data, Chromatography, id:mnk9jORJdozl]",AirBubble,Expert Annotation
"Object[Data, Chromatography, id:n0k9mGkxxAmW]",AirBubble,Expert Annotation
"Object[Data, Chromatography, id:o1k9jAGp78Zr]",AirBubble,Expert Annotation
"Object[Data, Chromatography, id:pZx9jo8O45EP]",AirBubble,Expert Annotation
"Object[Data, Chromatography, id:pZx9jo8Plk6n]",AirBubble,Expert Annotation
"Object[Data, Chromatography, id:qdkmxzk3Lknm]",AirBubble,Expert Annotation
"Object[Data, Chromatography, id:xRO9n3BP5rAZ]",AirBubble,Expert Annotation
"Object[Data, Chromatography, id:zGj91a70JNzn]",AirBubble,Expert Annotation
"Object[Data, Chromatography, id:zGj91ajqlDNx]",AirBubble,Expert Annotation
"Object[Data, Chromatography, id:1ZA60vAMMr05]",AirBubble,Expert Annotation
"Object[Data, Chromatography, id:4pO6dMO5PEPM]",AirBubble,Expert Annotation
"Object[Data, Chromatography, id:6V0npvmBNbPE]",AirBubble,Expert Annotation
"Object[Data, Chromatography, id:7X104v1jVMAJ]",AirBubble,Expert Annotation
"Object[Data, Chromatography, id:9RdZXv1ExPJj]",AirBubble,Expert Annotation
"Object[Data, Chromatography, id:9RdZXvd66W3K]",AirBubble,Expert Annotation
"Object[Data, Chromatography, id:J8AY5jDRYDj9]",AirBubble,Expert Annotation
"Object[Data, Chromatography, id:R8e1Pjeqqk9n]",AirBubble,Expert Annotation
"Object[Data, Chromatography, id:XnlV5jKNG38Z]",AirBubble,Expert Annotation
"Object[Data, Chromatography, id:XnlV5jlvkl33]",AirBubble,Expert Annotation
"Object[Data, Chromatography, id:Y0lXejM5AMxx]",AirBubble,Expert Annotation
"Object[Data, Chromatography, id:dORYzZJd6Ko5]",AirBubble,Expert Annotation
"Object[Data, Chromatography, id:n0k9mG8JZBP3]",AirBubble,Expert Annotation
"Object[Data, Chromatography, id:n0k9mG8X0zq3]",AirBubble,Expert Annotation
"Object[Data, Chromatography, id:o1k9jAGnZ0wm]",AirBubble,Expert Annotation
"Object[Data, Chromatography, id:pZx9jox55zjj]",AirBubble,Expert Annotation
"Object[Data, Chromatography, id:01G6nvwRb4Od]",AirBubble,Expert Annotation
"Object[Data, Chromatography, id:3em6ZvLlpZVV]",AirBubble,Expert Annotation
"Object[Data, Chromatography, id:4pO6dM56YLEz]",AirBubble,Expert Annotation
"Object[Data, Chromatography, id:7X104vnx7bPJ]",AirBubble,Expert Annotation
"Object[Data, Chromatography, id:AEqRl9Kx1apW]",AirBubble,Expert Annotation
"Object[Data, Chromatography, id:J8AY5jD64Vpj]",AirBubble,Expert Annotation
"Object[Data, Chromatography, id:KBL5DvL1pGMd]",AirBubble,Expert Annotation
"Object[Data, Chromatography, id:M8n3rx06qRbP]",AirBubble,Expert Annotation
"Object[Data, Chromatography, id:M8n3rxnzAKRO]",AirBubble,Expert Annotation
"Object[Data, Chromatography, id:N80DNj1kmXLD]",AirBubble,Expert Annotation
"Object[Data, Chromatography, id:O81aEB1VaR7j]",AirBubble,Expert Annotation
"Object[Data, Chromatography, id:O81aEB1voOOx]",AirBubble,Expert Annotation
"Object[Data, Chromatography, id:R8e1PjpZoz4n]",AirBubble,Expert Annotation
"Object[Data, Chromatography, id:WNa4ZjK4w1oL]",AirBubble,Expert Annotation
"Object[Data, Chromatography, id:XnlV5jKNavrM]",AirBubble,Expert Annotation
"Object[Data, Chromatography, id:Z1lqpMzR3Do0]",AirBubble,Expert Annotation
"Object[Data, Chromatography, id:Z1lqpMzrJAK5]",AirBubble,Expert Annotation
"Object[Data, Chromatography, id:lYq9jRx9d0AA]",AirBubble,Expert Annotation
"Object[Data, Chromatography, id:lYq9jRx9d0nA]",AirBubble,Expert Annotation
"Object[Data, Chromatography, id:lYq9jRxPJjbB]",AirBubble,Expert Annotation
"Object[Data, Chromatography, id:mnk9jORGVMpw]",AirBubble,Expert Annotation
"Object[Data, Chromatography, id:mnk9jORrALPR]",AirBubble,Expert Annotation
"Object[Data, Chromatography, id:n0k9mG89pe16]",AirBubble,Expert Annotation
"Object[Data, Chromatography, id:n0k9mG8PoEvW]",AirBubble,Expert Annotation
"Object[Data, Chromatography, id:o1k9jAGPzYem]",AirBubble,Expert Annotation
"Object[Data, Chromatography, id:o1k9jAGopRLN]",AirBubble,Expert Annotation
"Object[Data, Chromatography, id:pZx9jox3LkM5]",AirBubble,Expert Annotation
"Object[Data, Chromatography, id:qdkmxzqaLP9p]",AirBubble,Expert Annotation
"Object[Data, Chromatography, id:rea9jlR6emEb]",AirBubble,Expert Annotation
"Object[Data, Chromatography, id:rea9jlRPE3VB]",AirBubble,Expert Annotation
"Object[Data, Chromatography, id:vXl9j574oMp5]",AirBubble,Expert Annotation
"Object[Data, Chromatography, id:vXl9j579Ak8N]",AirBubble,Expert Annotation
"Object[Data, Chromatography, id:vXl9j57P3rKJ]",AirBubble,Expert Annotation
"Object[Data, Chromatography, id:wqW9BP7JDrG9]",AirBubble,Expert Annotation
"Object[Data, Chromatography, id:6V0npvm5qvpw]",AirBubble,Expert Annotation
"Object[Data, Chromatography, id:GmzlKjzLdz85]",AirBubble,Expert Annotation
"Object[Data, Chromatography, id:dORYzZJAVm9w]",AirBubble,Expert Annotation
"Object[Data, Chromatography, id:o1k9jAG5j678]",AirBubble,Expert Annotation
"Object[Data, Chromatography, id:pZx9jox5lxNE]",AirBubble,Expert Annotation
"Object[Data, Chromatography, id:WNa4ZjaqWrAL]",AirBubble,Expert Annotation
"Object[Data, Chromatography, id:9RdZXv19wDBJ]",AirBubble,Expert Annotation
"Object[Data, Chromatography, id:01G6nvGVbGeE]",AirBubble,Expert Annotation
"Object[Data, Chromatography, id:01G6nvGoWpZY]",AirBubble,Expert Annotation
"Object[Data, Chromatography, id:01G6nvwRb4Om]",AirBubble,Expert Annotation
"Object[Data, Chromatography, id:1ZA60vANW4d6]",AirBubble,Expert Annotation
"Object[Data, Chromatography, id:1ZA60vLPzqqP]",AirBubble,Expert Annotation
"Object[Data, Chromatography, id:8qZ1VW0Lq7bx]",AirBubble,Expert Annotation
"Object[Data, Chromatography, id:9RdZXv19VLYL]",AirBubble,Expert Annotation
"Object[Data, Chromatography, id:9RdZXv1lbzJJ]",AirBubble,Expert Annotation
"Object[Data, Chromatography, id:D8KAEvG63Ea3]",AirBubble,Expert Annotation
"Object[Data, Chromatography, id:E8zoYvN61Z0a]",AirBubble,Expert Annotation
"Object[Data, Chromatography, id:E8zoYvNOpxlv]",AirBubble,Expert Annotation
"Object[Data, Chromatography, id:L8kPEjnvNbAP]",AirBubble,Expert Annotation
"Object[Data, Chromatography, id:M8n3rx0vmVG5]",AirBubble,Expert Annotation
"Object[Data, Chromatography, id:Vrbp1jKv3X0o]",AirBubble,Expert Annotation
"Object[Data, Chromatography, id:WNa4ZjKMDq8R]",AirBubble,Expert Annotation
"Object[Data, Chromatography, id:XnlV5jKLdVYb]",AirBubble,Expert Annotation
"Object[Data, Chromatography, id:Y0lXejMXWp6l]",AirBubble,Expert Annotation
"Object[Data, Chromatography, id:Y0lXejMrwZdP]",AirBubble,Expert Annotation
"Object[Data, Chromatography, id:Y0lXejlOYNwW]",AirBubble,Expert Annotation
"Object[Data, Chromatography, id:Z1lqpMzrJAe5]",AirBubble,Expert Annotation
"Object[Data, Chromatography, id:aXRlGn631prp]",AirBubble,Expert Annotation
"Object[Data, Chromatography, id:aXRlGn63zGEj]",AirBubble,Expert Annotation
"Object[Data, Chromatography, id:dORYzZJ3eXap]",AirBubble,Expert Annotation
"Object[Data, Chromatography, id:dORYzZRKeRPb]",AirBubble,Expert Annotation
"Object[Data, Chromatography, id:jLq9jXv1OXj6]",AirBubble,Expert Annotation
"Object[Data, Chromatography, id:jLq9jXvAeMp1]",AirBubble,Expert Annotation
"Object[Data, Chromatography, id:jLq9jXvmRoEZ]",AirBubble,Expert Annotation
"Object[Data, Chromatography, id:lYq9jRxOZm3l]",AirBubble,Expert Annotation
"Object[Data, Chromatography, id:n0k9mGkxokjo]",AirBubble,Expert Annotation
"Object[Data, Chromatography, id:o1k9jAkRpr9E]",AirBubble,Expert Annotation
"Object[Data, Chromatography, id:pZx9jo8O45JP]",AirBubble,Expert Annotation
"Object[Data, Chromatography, id:pZx9jo8VXmG5]",AirBubble,Expert Annotation
"Object[Data, Chromatography, id:rea9jlRZbMxe]",AirBubble,Expert Annotation
"Object[Data, Chromatography, id:wqW9BP7Oj3mV]",AirBubble,Expert Annotation
"Object[Data, Chromatography, id:xRO9n3OboDr6]",AirBubble,Expert Annotation
"Object[Data, Chromatography, id:bq9LA0Jo6M5L]",AirBubble,Expert Annotation
"Object[Data, Chromatography, id:1ZA60vL66196]",AirBubble,Expert Annotation
"Object[Data, Chromatography, id:54n6evnmp9Z9]",AirBubble,Expert Annotation
"Object[Data, Chromatography, id:AEqRl9qaazlR]",AirBubble,Expert Annotation
"Object[Data, Chromatography, id:D8KAEvGAO4xR]",AirBubble,Expert Annotation
"Object[Data, Chromatography, id:M8n3rx0PAz4O]",AirBubble,Expert Annotation
"Object[Data, Chromatography, id:M8n3rxnzzlrP]",AirBubble,Expert Annotation
"Object[Data, Chromatography, id:XnlV5jKVwd1b]",AirBubble,Expert Annotation
"Object[Data, Chromatography, id:aXRlGn6lwPxk]",AirBubble,Expert Annotation
"Object[Data, Chromatography, id:jLq9jXvOE8A6]",AirBubble,Expert Annotation
"Object[Data, Chromatography, id:rea9jlR5XArO]",AirBubble,Expert Annotation
"Object[Data, Chromatography, id:rea9jlaAEa7b]",AirBubble,Expert Annotation
"Object[Data, Chromatography, id:xRO9n3Ob5OZq]",AirBubble,Expert Annotation
"Object[Data, Chromatography, id:zGj91ajqqw1J]",AirBubble,Expert Annotation
"Object[Data, Chromatography, id:lYq9jRxN5GZB]",AirBubble,Expert Annotation
"Object[Data, Chromatography, id:3em6Zvm5JNYB]",AirBubble,Expert Annotation
"Object[Data, Chromatography, id:E8zoYvN483na]",AirBubble,Expert Annotation
"Object[Data, Chromatography, id:vXl9j57NR3Ke]",AirBubble,Expert Annotation
"Object[Data, Chromatography, id:BYDOjvG7WM6q]",AirBubble,Expert Annotation
"Object[Data, Chromatography, id:GmzlKjPNVp9N]",AirBubble,Expert Annotation
"Object[Data, Chromatography, id:KBL5Dvwx1oRN]",AirBubble,Expert Annotation
"Object[Data, Chromatography, id:Y0lXejMxlrEE]",AirBubble,Expert Annotation
"Object[Data, Chromatography, id:Z1lqpMz47BRV]",AirBubble,Expert Annotation
"Object[Data, Chromatography, id:eGakldJl8Lz1]",AirBubble,Expert Annotation
"Object[Data, Chromatography, id:pZx9joxnv3pj]",AirBubble,Expert Annotation
"Object[Data, Chromatography, id:1ZA60vLBa78M]",AirBubble,Expert Annotation
"Object[Data, Chromatography, id:01G6nvw9Kql4]",AirBubble,Expert Annotation
"Object[Data, Chromatography, id:54n6evL8BdOP]",AirBubble,Expert Annotation
"Object[Data, Chromatography, id:6V0npvmWNalV]",AirBubble,Expert Annotation
"Object[Data, Chromatography, id:7X104vn4Y7bA]",AirBubble,Expert Annotation
"Object[Data, Chromatography, id:XnlV5jKVwd1B]",AirBubble,Expert Annotation
"Object[Data, Chromatography, id:aXRlGn6W71Nj]",AirBubble,Expert Annotation
"Object[Data, Chromatography, id:eGakldJ6lerE]",AirBubble,Expert Annotation
"Object[Data, Chromatography, id:pZx9jo8reBb5]",AirBubble,Expert Annotation
"Object[Data, Chromatography, id:01G6nvwxW8r1]",AirBubble,Expert Annotation
"Object[Data, Chromatography, id:3em6ZvL6Ez47]",AirBubble,Expert Annotation
"Object[Data, Chromatography, id:4pO6dMO97q47]",AirBubble,Expert Annotation
"Object[Data, Chromatography, id:AEqRl9qabqY1]",AirBubble,Expert Annotation
"Object[Data, Chromatography, id:KBL5Dvw5Ekra]",AirBubble,Expert Annotation
"Object[Data, Chromatography, id:L8kPEjnLMwZG]",AirBubble,Expert Annotation
"Object[Data, Chromatography, id:WNa4ZjK1ZWzL]",AirBubble,Expert Annotation
"Object[Data, Chromatography, id:lYq9jRx8O8bl]",AirBubble,Expert Annotation
"Object[Data, Chromatography, id:pZx9jox3LklE]",AirBubble,Expert Annotation
"Object[Data, Chromatography, id:qdkmxzqNpLVp]",AirBubble,Expert Annotation
"Object[Data, Chromatography, id:vXl9j5lv3lzD]",AirBubble,Expert Annotation
"Object[Data, Chromatography, id:AEqRl9Kx1aJd]",AirBubble,Expert Annotation
"Object[Data, Chromatography, id:J8AY5jD7WMbB]",AirBubble,Expert Annotation
"Object[Data, Chromatography, id:o1k9jAG8dBmE]",AirBubble,Expert Annotation
"Object[Data, Chromatography, id:wqW9BPWRvYbJ]",AirBubble,Expert Annotation
"Object[Data, Chromatography, id:3em6ZvLqB4J8]",AirBubble,Expert Annotation
"Object[Data, Chromatography, id:1ZA60vLWaY5q]",AirBubble,Expert Annotation
"Object[Data, Chromatography, id:1ZA60vLq7eWa]",AirBubble,Expert Annotation
"Object[Data, Chromatography, id:D8KAEvGwnP9k]",AirBubble,Expert Annotation
"Object[Data, Chromatography, id:lYq9jRqmKXmA]",AirBubble,Expert Annotation
"Object[Data, Chromatography, id:o1k9jAGNdzOm]",AirBubble,Expert Annotation
"Object[Data, Chromatography, id:M8n3rx0vBDEE]",AirBubble,Expert Annotation
"Object[Data, Chromatography, id:8qZ1VW06Ndkp]",AirBubble,Expert Annotation
"Object[Data, Chromatography, id:D8KAEvG7WMwL]",AirBubble,Expert Annotation
"Object[Data, Chromatography, id:Z1lqpMzqwV0W]",AirBubble,Expert Annotation
"Object[Data, Chromatography, id:kEJ9mqRNnO1P]",AirBubble,Expert Annotation
"Object[Data, Chromatography, id:P5ZnEjdEDBvn]",AirBubble,Expert Annotation
"Object[Data, Chromatography, id:AEqRl9KlN7Yl]",AirBubble,Expert Annotation
"Object[Data, Chromatography, id:1ZA60vL57VG5]",AirBubble,Expert Annotation
"Object[Data, Chromatography, id:6V0npvmlbGDw]",AirBubble,Expert Annotation
"Object[Data, Chromatography, id:8qZ1VW01nwDA]",AirBubble,Expert Annotation
"Object[Data, Chromatography, id:P5ZnEjd0GAek]",AirBubble,Expert Annotation
"Object[Data, Chromatography, id:bq9LA09zvP4L]",AirBubble,Expert Annotation
"Object[Data, Chromatography, id:vXl9j579AkYN]",AirBubble,Expert Annotation
"Object[Data, Chromatography, id:zGj91a79LrwE]",AirBubble,Expert Annotation
"Object[Data, Chromatography, id:3em6ZvLBaKNB]",AirBubble,Expert Annotation
"Object[Data, Chromatography, id:3em6Zvm9Bx6o]",AirBubble,Expert Annotation
"Object[Data, Chromatography, id:D8KAEvGEl730]",AirBubble,Expert Annotation
"Object[Data, Chromatography, id:R8e1PjpZooPj]",AirBubble,Expert Annotation
"Object[Data, Chromatography, id:dORYzZJbZvxR]",AirBubble,Expert Annotation
"Object[Data, Chromatography, id:eGakldJD6Dan]",AirBubble,Expert Annotation
"Object[Data, Chromatography, id:R8e1PjpYGlEa]",AirBubble,Expert Annotation
"Object[Data, Chromatography, id:qdkmxzqMLvbx]",AirBubble,Expert Annotation
"Object[Data, Chromatography, id:Y0lXejMKdV0o]",AirBubble,Expert Annotation
"Object[Data, Chromatography, id:aXRlGn60NeOO]",AirBubble,Expert Annotation
"Object[Data, Chromatography, id:01G6nvwWaERE]",AirBubble,Expert Annotation
"Object[Data, Chromatography, id:9RdZXv1Nx6Ej]",AirBubble,Expert Annotation
"Object[Data, Chromatography, id:L8kPEjnvWMb6]",AirBubble,Expert Annotation
"Object[Data, Chromatography, id:M8n3rxnnoGKO]",AirBubble,Expert Annotation
"Object[Data, Chromatography, id:aXRlGn678v9x]",AirBubble,Expert Annotation
"Object[Data, Chromatography, id:aXRlGn6A7BLX]",AirBubble,Expert Annotation
"Object[Data, Chromatography, id:n0k9mG8NZoR4]",AirBubble,Expert Annotation
"Object[Data, Chromatography, id:qdkmxzk3Lk54]",AirBubble,Expert Annotation
"Object[Data, Chromatography, id:1ZA60vAMNjJD]",AirBubble,Expert Annotation
"Object[Data, Chromatography, id:4pO6dMOleaRo]",AirBubble,Expert Annotation
"Object[Data, Chromatography, id:3em6ZvL6EzD7]",AirBubble,Expert Annotation
"Object[Data, Chromatography, id:4pO6dMOV8bkB]",AirBubble,Expert Annotation
"Object[Data, Chromatography, id:GmzlKjzLLk9e]",AirBubble,Expert Annotation
"Object[Data, Chromatography, id:J8AY5jDvOeqa]",AirBubble,Expert Annotation
"Object[Data, Chromatography, id:KBL5Dvw6VXnk]",AirBubble,Expert Annotation
"Object[Data, Chromatography, id:Y0lXejMqP3AE]",AirBubble,Expert Annotation
"Object[Data, Chromatography, id:bq9LA09dZKwm]",AirBubble,Expert Annotation
"Object[Data, Chromatography, id:9RdZXv1VAb16]",AirBubble,Expert Annotation
"Object[Data, Chromatography, id:Vrbp1jKaOabO]",AirBubble,Expert Annotation
"Object[Data, Chromatography, id:Vrbp1jbXEbee]",AirBubble,Expert Annotation
"Object[Data, Chromatography, id:4pO6dM57a38w]",AirBubble,Expert Annotation
"Object[Data, Chromatography, id:Y0lXejlZZ6La]",AirBubble,Expert Annotation
"Object[Data, Chromatography, id:L8kPEjnExv7W]",AirBubble,Expert Annotation
"Object[Data, Chromatography, id:M8n3rx0xZa6P]",AirBubble,Expert Annotation
"Object[Data, Chromatography, id:9RdZXvd6PBYZ]",AirBubble,Expert Annotation
"Object[Data, Chromatography, id:1ZA60vAJEGJP]",AirBubble,Expert Annotation
"Object[Data, Chromatography, id:4pO6dM53x0o7]",AirBubble,Expert Annotation
"Object[Data, Chromatography, id:AEqRl9Kx1nAd]",AirBubble,Expert Annotation
"Object[Data, Chromatography, id:BYDOjvGeJ05l]",AirBubble,Expert Annotation
"Object[Data, Chromatography, id:BYDOjvGvPLPq]",AirBubble,Expert Annotation
"Object[Data, Chromatography, id:pZx9jo8GeVnj]",AirBubble,Expert Annotation
"Object[Data, Chromatography, id:R8e1Pjp7WMKp]",AirBubble,Expert Annotation
"Object[Data, Chromatography, id:R8e1PjpJWo5n]",AirBubble,Expert Annotation
"Object[Data, Chromatography, id:jLq9jXv09vRZ]",AirBubble,Expert Annotation
"Object[Data, Chromatography, id:pZx9jo8eaXBe]",AirBubble,Expert Annotation
"Object[Data, Chromatography, id:01G6nvw3Y1Lm]",AirBubble,Expert Annotation
"Object[Data, Chromatography, id:GmzlKjP7WMbN]",AirBubble,Expert Annotation
"Object[Data, Chromatography, id:M8n3rx07WM6R]",AirBubble,Expert Annotation
"Object[Data, Chromatography, id:1ZA60vAM7Adq]",AirBubble,Expert Annotation
"Object[Data, Chromatography, id:4pO6dM5bWdlr]",AirBubble,Expert Annotation
"Object[Data, Chromatography, id:54n6evL6Ax3P]",AirBubble,Expert Annotation
"Object[Data, Chromatography, id:E8zoYvNoGXjN]",AirBubble,Expert Annotation
"Object[Data, Chromatography, id:GmzlKjPloGx4]",AirBubble,Expert Annotation
"Object[Data, Chromatography, id:R8e1Pjeq6Dqv]",AirBubble,Expert Annotation
"Object[Data, Chromatography, id:XnlV5jlo9kz8]",AirBubble,Expert Annotation
"Object[Data, Chromatography, id:bq9LA09zzxEv]",AirBubble,Expert Annotation
"Object[Data, Chromatography, id:dORYzZJYYGzp]",AirBubble,Expert Annotation
"Object[Data, Chromatography, id:eGakldJkmbjx]",AirBubble,Expert Annotation
"Object[Data, Chromatography, id:qdkmxzqNpLV1]",AirBubble,Expert Annotation
"Object[Data, Chromatography, id:qdkmxzqpwRB4]",AirBubble,Expert Annotation
"Object[Data, Chromatography, id:rea9jlaAYovB]",AirBubble,Expert Annotation
"Object[Data, Chromatography, id:rea9jlaWJKqe]",AirBubble,Expert Annotation
"Object[Data, Chromatography, id:vXl9j57Gem8d]",AirBubble,Expert Annotation
"Object[Data, Chromatography, id:xRO9n3BEpLK5]",AirBubble,Expert Annotation
"Object[Data, Chromatography, id:xRO9n3BPv1E5]",AirBubble,Expert Annotation
"Object[Data, Chromatography, id:Z1lqpMz47BR4]",AirBubble,Expert Annotation
"Object[Data, Chromatography, id:aXRlGn6aLomp]",AirBubble,Expert Annotation
"Object[Data, Chromatography, id:01G6nvGR0N91]",AirBubble,Expert Annotation
"Object[Data, Chromatography, id:1ZA60vL57VGM]",AirBubble,Expert Annotation
"Object[Data, Chromatography, id:8qZ1VW06bo5b]",AirBubble,Expert Annotation
"Object[Data, Chromatography, id:L8kPEjnOGwDP]",AirBubble,Expert Annotation
"Object[Data, Chromatography, id:M8n3rxnzzlZE]",AirBubble,Expert Annotation
"Object[Data, Chromatography, id:R8e1PjpZoz4J]",AirBubble,Expert Annotation
"Object[Data, Chromatography, id:Z1lqpMzqwV6O]",AirBubble,Expert Annotation
"Object[Data, Chromatography, id:bq9LA0JmZ4br]",AirBubble,Expert Annotation
"Object[Data, Chromatography, id:qdkmxzklbrjY]",AirBubble,Expert Annotation
"Object[Data, Chromatography, id:rea9jlRPE3no]",AirBubble,Expert Annotation
"Object[Data, Chromatography, id:vXl9j5lZLr3D]",AirBubble,Expert Annotation
"Object[Data, Chromatography, id:7X104vnBMWDk]",AirBubble,Expert Annotation
"Object[Data, Chromatography, id:7X104vnjWAVk]",AirBubble,Expert Annotation
"Object[Data, Chromatography, id:N80DNj1DDKaA]",AirBubble,Expert Annotation
"Object[Data, Chromatography, id:P5ZnEjdnwKDr]",AirBubble,Expert Annotation
"Object[Data, Chromatography, id:Y0lXejM71pYv]",AirBubble,Expert Annotation
"Object[Data, Chromatography, id:dORYzZJYRA1G]",AirBubble,Expert Annotation
"Object[Data, Chromatography, id:eGaklda0NO7E]",AirBubble,Expert Annotation
"Object[Data, Chromatography, id:jLq9jXqmEDzq]",AirBubble,Expert Annotation
"Object[Data, Chromatography, id:n0k9mG8L6981]",AirBubble,Expert Annotation
"Object[Data, Chromatography, id:rea9jlRN4EXo]",AirBubble,Expert Annotation
"Object[Data, Chromatography, id:xRO9n3B8G5kZ]",AirBubble,Expert Annotation
"Object[Data, Chromatography, id:D8KAEvGvXdbL]",AirBubble,Expert Annotation
"Object[Data, Chromatography, id:54n6evL7wDmv]",AirBubble,Expert Annotation
"Object[Data, Chromatography, id:3em6ZvLlKqoV]",AirBubble,Expert Annotation
"Object[Data, Chromatography, id:J8AY5jDYLEkb]",AirBubble,Expert Annotation
"Object[Data, Chromatography, id:L8kPEjnPY3NE]",AirBubble,Expert Annotation
"Object[Data, Chromatography, id:N80DNj1DPJrW]",AirBubble,Expert Annotation
"Object[Data, Chromatography, id:bq9LA0JmZ43v]",AirBubble,Expert Annotation
"Object[Data, Chromatography, id:mnk9jORrAL5N]",AirBubble,Expert Annotation
"Object[Data, Chromatography, id:vXl9j57P3rOe]",AirBubble,Expert Annotation
"Object[Data, Chromatography, id:4pO6dM5jVDez]",AirBubble,Expert Annotation
"Object[Data, Chromatography, id:qdkmxzqbpBa4]",AirBubble,Expert Annotation
"Object[Data, Chromatography, id:E8zoYvNBW1Ra]",AirBubble,Expert Annotation
"Object[Data, Chromatography, id:KBL5DvwJWV87]",AirBubble,Expert Annotation
"Object[Data, Chromatography, id:R8e1PjpB4lVX]",AirBubble,Expert Annotation
"Object[Data, Chromatography, id:WNa4ZjKmNRAE]",AirBubble,Expert Annotation
"Object[Data, Chromatography, id:n0k9mG8Poomo]",AirBubble,Expert Annotation
"Object[Data, Chromatography, id:AEqRl9K9ajkd]",AirBubble,Expert Annotation
"Object[Data, Chromatography, id:3em6ZvLWaP8M]",AirBubble,Expert Annotation
"Object[Data, Chromatography, id:9RdZXvd6PB6Z]",AirBubble,Expert Annotation
"Object[Data, Chromatography, id:KBL5DvLGAlGa]",AirBubble,Expert Annotation
"Object[Data, Chromatography, id:Z1lqpMzk3045]",AirBubble,Expert Annotation
"Object[Data, Chromatography, id:o1k9jAGLNwjG]",AirBubble,Expert Annotation
"Object[Data, Chromatography, id:7X104vnxRPr6]",AirBubble,Expert Annotation
"Object[Data, Chromatography, id:E8zoYvNVbjRa]",AirBubble,Expert Annotation
"Object[Data, Chromatography, id:vXl9j574B8Ee]",AirBubble,Expert Annotation
"Object[Data, Chromatography, id:6V0npvmaPnb6]",AirBubble,Expert Annotation
"Object[Data, Chromatography, id:7X104vn03DYX]",AirBubble,Expert Annotation
"Object[Data, Chromatography, id:7X104vnlX7Wd]",AirBubble,Expert Annotation
"Object[Data, Chromatography, id:BYDOjvG6mnED]",AirBubble,Expert Annotation
"Object[Data, Chromatography, id:R8e1Pjp1wvrv]",AirBubble,Expert Annotation
"Object[Data, Chromatography, id:Z1lqpMlA3laV]",AirBubble,Expert Annotation
"Object[Data, Chromatography, id:aXRlGn6lwPok]",AirBubble,Expert Annotation
"Object[Data, Chromatography, id:zGj91a70e1XJ]",AirBubble,Expert Annotation
"Object[Data, Chromatography, id:3em6ZvmAGzXB]",AirBubble,Expert Annotation
"Object[Data, Chromatography, id:GmzlKjPlzB4p]",AirBubble,Expert Annotation
"Object[Data, Chromatography, id:01G6nvGVbGYK]",AirBubble,Expert Annotation
"Object[Data, Chromatography, id:01G6nvwP3YqE]",AirBubble,Expert Annotation
"Object[Data, Chromatography, id:01G6nvwP8lKd]",AirBubble,Expert Annotation
"Object[Data, Chromatography, id:01G6nvwml67E]",AirBubble,Expert Annotation
"Object[Data, Chromatography, id:1ZA60vAm6EWq]",AirBubble,Expert Annotation
"Object[Data, Chromatography, id:1ZA60vAmoVY8]",AirBubble,Expert Annotation
"Object[Data, Chromatography, id:1ZA60vLlOR18]",AirBubble,Expert Annotation
"Object[Data, Chromatography, id:1ZA60vLxrPKa]",AirBubble,Expert Annotation
"Object[Data, Chromatography, id:3em6ZvL1x8RL]",AirBubble,Expert Annotation
"Object[Data, Chromatography, id:4pO6dMOo0RbX]",AirBubble,Expert Annotation
"Object[Data, Chromatography, id:4pO6dMOo6P7X]",AirBubble,Expert Annotation
"Object[Data, Chromatography, id:54n6evLZl9Jq]",AirBubble,Expert Annotation
"Object[Data, Chromatography, id:7X104v1p3eRw]",AirBubble,Expert Annotation
"Object[Data, Chromatography, id:8qZ1VW03pNDP]",AirBubble,Expert Annotation
"Object[Data, Chromatography, id:8qZ1VW04qjlb]",AirBubble,Expert Annotation
"Object[Data, Chromatography, id:8qZ1VW0v101X]",AirBubble,Expert Annotation
"Object[Data, Chromatography, id:8qZ1VWZr15Lx]",AirBubble,Expert Annotation
"Object[Data, Chromatography, id:8qZ1VWZxX9np]",AirBubble,Expert Annotation
"Object[Data, Chromatography, id:9RdZXv1Gd70K]",AirBubble,Expert Annotation
"Object[Data, Chromatography, id:AEqRl9KPbo71]",AirBubble,Expert Annotation
"Object[Data, Chromatography, id:AEqRl9qabqP1]",AirBubble,Expert Annotation
"Object[Data, Chromatography, id:BYDOjvDDXLak]",AirBubble,Expert Annotation
"Object[Data, Chromatography, id:BYDOjvGMZOM9]",AirBubble,Expert Annotation
"Object[Data, Chromatography, id:BYDOjvGVWqGD]",AirBubble,Expert Annotation
"Object[Data, Chromatography, id:BYDOjvGzqb0E]",AirBubble,Expert Annotation
"Object[Data, Chromatography, id:D8KAEvGqWOd3]",AirBubble,Expert Annotation
"Object[Data, Chromatography, id:D8KAEvKV91MK]",AirBubble,Expert Annotation
"Object[Data, Chromatography, id:E8zoYvNbEe5B]",AirBubble,Expert Annotation
"Object[Data, Chromatography, id:E8zoYvz4GEeb]",AirBubble,Expert Annotation
"Object[Data, Chromatography, id:E8zoYvz59ZMA]",AirBubble,Expert Annotation
"Object[Data, Chromatography, id:E8zoYvz5o0KA]",AirBubble,Expert Annotation
"Object[Data, Chromatography, id:GmzlKjPXBbA5]",AirBubble,Expert Annotation
"Object[Data, Chromatography, id:GmzlKjznlZ75]",AirBubble,Expert Annotation
"Object[Data, Chromatography, id:J8AY5jAZYpdZ]",AirBubble,Expert Annotation
"Object[Data, Chromatography, id:J8AY5jDLw38E]",AirBubble,Expert Annotation
"Object[Data, Chromatography, id:J8AY5jDjNOvE]",AirBubble,Expert Annotation
"Object[Data, Chromatography, id:KBL5DvLGVLbx]",AirBubble,Expert Annotation
"Object[Data, Chromatography, id:KBL5DvLo8xEJ]",AirBubble,Expert Annotation
"Object[Data, Chromatography, id:KBL5Dvw79Abd]",AirBubble,Expert Annotation
"Object[Data, Chromatography, id:KBL5DvwmM11j]",AirBubble,Expert Annotation
"Object[Data, Chromatography, id:L8kPEjkePVpw]",AirBubble,Expert Annotation
"Object[Data, Chromatography, id:L8kPEjn7Jnlw]",AirBubble,Expert Annotation
"Object[Data, Chromatography, id:L8kPEjnV7MjW]",AirBubble,Expert Annotation
"Object[Data, Chromatography, id:M8n3rx0AN7DG]",AirBubble,Expert Annotation
"Object[Data, Chromatography, id:M8n3rxnp3X7m]",AirBubble,Expert Annotation
"Object[Data, Chromatography, id:N80DNj19db5X]",AirBubble,Expert Annotation
"Object[Data, Chromatography, id:O81aEBZBernN]",AirBubble,Expert Annotation
"Object[Data, Chromatography, id:O81aEBZXradx]",AirBubble,Expert Annotation
"Object[Data, Chromatography, id:O81aEBZmpa5j]",AirBubble,Expert Annotation
"Object[Data, Chromatography, id:P5ZnEjZZzwAO]",AirBubble,Expert Annotation
"Object[Data, Chromatography, id:P5ZnEjZmw34E]",AirBubble,Expert Annotation
"Object[Data, Chromatography, id:R8e1Pjem3Jmp]",AirBubble,Expert Annotation
"Object[Data, Chromatography, id:R8e1Pjen1A74]",AirBubble,Expert Annotation
"Object[Data, Chromatography, id:R8e1PjpNBdWa]",AirBubble,Expert Annotation
"Object[Data, Chromatography, id:R8e1PjpOv1A7]",AirBubble,Expert Annotation
"Object[Data, Chromatography, id:R8e1PjpOv1Av]",AirBubble,Expert Annotation
"Object[Data, Chromatography, id:Vrbp1jKWPGdo]",AirBubble,Expert Annotation
"Object[Data, Chromatography, id:Vrbp1jKw1zVw]",AirBubble,Expert Annotation
"Object[Data, Chromatography, id:Vrbp1jKxLzam]",AirBubble,Expert Annotation
"Object[Data, Chromatography, id:WNa4ZjKDXdoq]",AirBubble,Expert Annotation
"Object[Data, Chromatography, id:WNa4ZjKLZGL7]",AirBubble,Expert Annotation
"Object[Data, Chromatography, id:WNa4ZjKzB7ZL]",AirBubble,Expert Annotation
"Object[Data, Chromatography, id:XnlV5jKLdVYB]",AirBubble,Expert Annotation
"Object[Data, Chromatography, id:XnlV5jKVwdmN]",AirBubble,Expert Annotation
"Object[Data, Chromatography, id:XnlV5jKk9jJo]",AirBubble,Expert Annotation
"Object[Data, Chromatography, id:XnlV5jlpMPB3]",AirBubble,Expert Annotation
"Object[Data, Chromatography, id:XnlV5jlpVYeP]",AirBubble,Expert Annotation
"Object[Data, Chromatography, id:Y0lXejMOB7el]",AirBubble,Expert Annotation
"Object[Data, Chromatography, id:Y0lXejlZmKzl]",AirBubble,Expert Annotation
"Object[Data, Chromatography, id:Z1lqpMld48XM]",AirBubble,Expert Annotation
"Object[Data, Chromatography, id:Z1lqpMzJO46z]",AirBubble,Expert Annotation
"Object[Data, Chromatography, id:Z1lqpMzYVqPW]",AirBubble,Expert Annotation
"Object[Data, Chromatography, id:Z1lqpMzwVYZV]",AirBubble,Expert Annotation
"Object[Data, Chromatography, id:aXRlGnRKqLwv]",AirBubble,Expert Annotation
"Object[Data, Chromatography, id:bq9LA09OLb8m]",AirBubble,Expert Annotation
"Object[Data, Chromatography, id:bq9LA0J0ZjZv]",AirBubble,Expert Annotation
"Object[Data, Chromatography, id:bq9LA0JaW08m]",AirBubble,Expert Annotation
"Object[Data, Chromatography, id:dORYzZJY0qzq]",AirBubble,Expert Annotation
"Object[Data, Chromatography, id:dORYzZJb8Yjw]",AirBubble,Expert Annotation
"Object[Data, Chromatography, id:dORYzZJw8b05]",AirBubble,Expert Annotation
"Object[Data, Chromatography, id:dORYzZRrYjlb]",AirBubble,Expert Annotation
"Object[Data, Chromatography, id:eGakldJKbk7q]",AirBubble,Expert Annotation
"Object[Data, Chromatography, id:eGakldJKbk7x]",AirBubble,Expert Annotation
"Object[Data, Chromatography, id:eGakldJe9ZKo]",AirBubble,Expert Annotation
"Object[Data, Chromatography, id:eGakldJmbK1o]",AirBubble,Expert Annotation
"Object[Data, Chromatography, id:eGakldaJLAn4]",AirBubble,Expert Annotation
"Object[Data, Chromatography, id:jLq9jXvz1Kd6]",AirBubble,Expert Annotation
"Object[Data, Chromatography, id:kEJ9mqJpZl3L]",AirBubble,Expert Annotation
"Object[Data, Chromatography, id:kEJ9mqRDnBbL]",AirBubble,Expert Annotation
"Object[Data, Chromatography, id:kEJ9mqRlmLK8]",AirBubble,Expert Annotation
"Object[Data, Chromatography, id:lYq9jRq8JArA]",AirBubble,Expert Annotation
"Object[Data, Chromatography, id:lYq9jRq8MrZY]",AirBubble,Expert Annotation
"Object[Data, Chromatography, id:mnk9jOROvZrR]",AirBubble,Expert Annotation
"Object[Data, Chromatography, id:mnk9jOkY95wY]",AirBubble,Expert Annotation
"Object[Data, Chromatography, id:mnk9jOkooxjR]",AirBubble,Expert Annotation
"Object[Data, Chromatography, id:n0k9mG85jJAw]",AirBubble,Expert Annotation
"Object[Data, Chromatography, id:n0k9mG89N7N6]",AirBubble,Expert Annotation
"Object[Data, Chromatography, id:n0k9mG8GwePp]",AirBubble,Expert Annotation
"Object[Data, Chromatography, id:n0k9mG8pe633]",AirBubble,Expert Annotation
"Object[Data, Chromatography, id:n0k9mGk79dJo]",AirBubble,Expert Annotation
"Object[Data, Chromatography, id:n0k9mGk79dJw]",AirBubble,Expert Annotation
"Object[Data, Chromatography, id:n0k9mGk7LEBo]",AirBubble,Expert Annotation
"Object[Data, Chromatography, id:o1k9jAGdM3RG]",AirBubble,Expert Annotation
"Object[Data, Chromatography, id:o1k9jAGopX3E]",AirBubble,Expert Annotation
"Object[Data, Chromatography, id:o1k9jAGx3j4A]",AirBubble,Expert Annotation
"Object[Data, Chromatography, id:o1k9jAkE9e84]",AirBubble,Expert Annotation
"Object[Data, Chromatography, id:pZx9jo8Wz0b9]",AirBubble,Expert Annotation
"Object[Data, Chromatography, id:pZx9jo8mX9p9]",AirBubble,Expert Annotation
"Object[Data, Chromatography, id:pZx9jo8mX9pp]",AirBubble,Expert Annotation
"Object[Data, Chromatography, id:pZx9jo8ovNve]",AirBubble,Expert Annotation
"Object[Data, Chromatography, id:pZx9joxxYVk0]",AirBubble,Expert Annotation
"Object[Data, Chromatography, id:qdkmxzk33oxp]",AirBubble,Expert Annotation
"Object[Data, Chromatography, id:qdkmxzk3lAJV]",AirBubble,Expert Annotation
"Object[Data, Chromatography, id:qdkmxzkJKLom]",AirBubble,Expert Annotation
"Object[Data, Chromatography, id:qdkmxzkOXZe4]",AirBubble,Expert Annotation
"Object[Data, Chromatography, id:qdkmxzq1v7Ea]",AirBubble,Expert Annotation
"Object[Data, Chromatography, id:qdkmxzqNDn00]",AirBubble,Expert Annotation
"Object[Data, Chromatography, id:qdkmxzqWZdBa]",AirBubble,Expert Annotation
"Object[Data, Chromatography, id:qdkmxzqnLZb4]",AirBubble,Expert Annotation
"Object[Data, Chromatography, id:rea9jlR5XOL3]",AirBubble,Expert Annotation
"Object[Data, Chromatography, id:rea9jlRdqnOB]",AirBubble,Expert Annotation
"Object[Data, Chromatography, id:rea9jla89V6b]",AirBubble,Expert Annotation
"Object[Data, Chromatography, id:rea9jlabqdp3]",AirBubble,Expert Annotation
"Object[Data, Chromatography, id:vXl9j57Bo70e]",AirBubble,Expert Annotation
"Object[Data, Chromatography, id:vXl9j5lZ9O6D]",AirBubble,Expert Annotation
"Object[Data, Chromatography, id:wqW9BPWb4l3R]",AirBubble,Expert Annotation
"Object[Data, Chromatography, id:wqW9BPWd9G6V]",AirBubble,Expert Annotation
"Object[Data, Chromatography, id:xRO9n3Bda957]",AirBubble,Expert Annotation
"Object[Data, Chromatography, id:xRO9n3Oe9AmO]",AirBubble,Expert Annotation
"Object[Data, Chromatography, id:zGj91a79LrRn]",AirBubble,Expert Annotation
"Object[Data, Chromatography, id:zGj91a7ALRej]",AirBubble,Expert Annotation
"Object[Data, Chromatography, id:zGj91a7AkAXL]",AirBubble,Expert Annotation
"Object[Data, Chromatography, id:zGj91ajqqwZJ]",AirBubble,Expert Annotation
